module,name,x(inches),y(inches),z(inches),[name and distance (inches) for all connected nodes]
1,ARM,461.743719,100.762381,92.05712,ELF,28.695,BIO,29.404,WET,29.906,DUB,26.896,NOM,27.108
1,BIO,463.012482,118.022659,68.285768,ARM,29.404,ELF,26.717,JOY,30.382,NOM,29.741,RAD,27.727,SPY,33.551
1,DUB,439.654337,101.96354,107.35484,ARM,26.896,WAR,26.498,WET,28.766,ELF,31.595
1,ELF,439.137455,109.442914,76.662489,ARM,28.695,BIO,26.717,DUB,31.595,WET,45.280,SPY,45.523,PIE,45.692,GAL,29.583,WAR,29.441,RAD,29.962,HOW,37.277,NOM,38.400
1,FRO,479.660218,91.961102,0.878402,RAW,28.903,WHO,33.324,GUN,27.196
1,GAL,421.532164,133.213048,76.233488,ELF,29.583,PIE,29.281,HOW,24.632,WAR,26.523,RAD,25.947
1,GUN,476.76214,86.177837,27.2939,FRO,27.196,JOY,28.684,RAW,31.083,WHO,47.736,NOM,42.485,SPY,45.149
1,HOW,402.871171,117.511978,79.696304,ELF,37.277,GAL,24.632,WAR,25.670,PIE,38.885
1,JOY,480.603684,107.834965,45.705938,BIO,30.382,GUN,28.684,NOM,31.403,SPY,32.276,RAW,30.800
1,LEG,450.240641,137.15173,9.125889,OVA,31.062,SPY,30.484,WHO,31.160,RAW,32.580,NIX,35.329
1,NIX,416.162406,146.118196,6.598697,LEG,35.329,SPY,53.221,OVA,32.184,WHO,52.820,PIE,42.411
1,NOM,471.049445,89.405434,69.269584,ARM,27.108,BIO,29.741,ELF,38.400,GUN,42.485,JOY,31.403,WET,42.695,SPY,50.716
1,OVA,434.10143,148.248363,33.23452,LEG,31.062,NIX,32.184,PIE,26.741,RAD,31.559,SPY,31.561
1,PIE,415.454299,135.668429,47.69575,ELF,45.692,GAL,29.281,HOW,38.885,NIX,42.411,OVA,26.741,RAD,29.587,SPY,42.135
1,RAD,442.110514,134.483141,60.480345,BIO,27.727,ELF,29.962,GAL,25.947,OVA,31.559,PIE,29.587,SPY,28.842
1,RAW,473.059913,115.187843,16.763664,FRO,28.903,GUN,31.083,JOY,30.800,LEG,32.580,SPY,28.604,WHO,31.151
1,SPY,454.453997,124.343867,36.466235,BIO,33.551,ELF,45.523,GUN,45.149,JOY,32.276,LEG,30.484,NIX,53.221,NOM,50.716,OVA,31.561,PIE,42.135,RAD,28.842,RAW,28.604,WHO,45.023
1,WAR,420.831075,118.113345,98.027143,DUB,26.498,ELF,29.441,GAL,26.523,HOW,25.670
1,WET,451.05956,75.718157,104.425526,ARM,29.906,DUB,28.766,ELF,45.280,NOM,42.695
1,WHO,452.64691,110.138039,-6.21827,FRO,33.324,GUN,47.736,LEG,31.160,NIX,52.820,RAW,31.151,SPY,45.023
2,ASK,497.103489,64.58376,10.261813,ORC,29.959,GUN,30.930,TUB,25.719,OFF,26.166,TAG,31.213
2,BAH,493.7051,-15.071302,-1.117679,ETA,28.557,CIS,29.020,BOY,30.513
2,BOY,504.964387,11.400891,9.055196,BAH,30.513,FOX,29.439,ETA,30.703,TAG,29.584,CIS,27.047,ORC,29.630
2,CIS,481.869722,11.136105,-5.020168,BAH,29.020,BOY,27.047,ORC,30.931,ETA,41.013,TAG,41.541,OFF,49.375
2,DIG,495.908131,81.510101,52.616012,GUN,30.636,NOM,28.348,HIT,30.410,DUI,27.081,TUB,26.691
2,DUI,493.748895,54.966798,57.531118,DIG,27.081,HIT,23.838,SKY,26.577,TUB,26.212,GUN,43.773,SUN,26.418,TAG,39.042,IVY,42.674,NOM,38.994
2,ETA,494.365812,-11.030214,27.144032,BAH,28.557,BOY,30.703,CIS,41.013,TUX,29.260,IVY,42.004,FOX,31.109,TAG,47.703
2,FOX,510.005904,13.582607,37.977083,BOY,29.439,ETA,31.109,SKY,24.062,IVY,30.355,TUX,30.838,TAG,29.353
2,GUN,478.774993,82.806779,27.252488,ASK,30.930,DIG,30.636,DUI,43.773,OFF,38.742,NOM,42.295,TAG,50.571,TUB,32.946
2,HIT,494.218097,65.944315,78.686061,DIG,30.410,DUI,23.838,SUN,30.089,NOM,30.609
2,IVY,491.136581,12.58051,61.733248,DUI,42.674,ETA,42.004,FOX,30.355,TUX,28.626,SUN,29.752,SKY,30.938,TAG,45.589
2,NOM,473.27539,86.08604,69.060307,DIG,28.348,DUI,38.994,GUN,42.295,HIT,30.609
2,OFF,475.615993,60.102769,-3.980502,ASK,26.166,CIS,49.375,GUN,38.742,TAG,42.906,ORC,31.568
2,ORC,497.720433,37.599431,-2.739044,ASK,29.959,BOY,29.630,CIS,30.931,OFF,31.568,TAG,26.306
2,SKY,508.93296,34.706627,49.44959,DUI,26.577,FOX,24.062,IVY,30.938,SUN,26.910,TUB,32.389,TAG,28.017
2,SUN,501.546765,36.967553,75.226753,DUI,26.418,HIT,30.089,IVY,29.752,SKY,26.910
2,TAG,498.431781,36.361793,23.528262,ASK,31.213,BOY,29.584,CIS,41.541,DUI,39.042,ETA,47.703,FOX,29.353,GUN,50.571,IVY,45.589,OFF,42.906,ORC,26.306,SKY,28.017,TUB,29.798
2,TUB,504.164495,63.277224,34.958288,ASK,25.719,DIG,26.691,DUI,26.212,GUN,32.946,SKY,32.389,TAG,29.798
2,TUX,504.402827,-11.76777,54.618649,ETA,29.260,FOX,30.838,IVY,28.626
3,AGO,318.953762,99.325936,45.782051,ALA,21.852,MIX,32.761,OAR,29.769,TAX,35.712,MOM,34.458,FLY,31.364,OIL,34.278,GUT,36.243
3,AIM,311.146974,94.48207,-14.170488,MOM,28.435,LID,31.548,EGO,26.806,WAX,30.612,MIX,38.640
3,ALA,322.352007,119.493049,53.480766,AGO,21.852,OIL,30.289,INK,25.105,FLY,34.023,GUT,29.959,MIX,36.694
3,EGO,297.397829,74.368873,-2.991689,AIM,26.806,GYM,29.701,MOM,26.402,LID,31.642,OAR,40.500
3,FLY,312.475987,96.288018,76.3189,AGO,31.364,ALA,34.023,OIL,28.113,OAR,45.897,TAX,28.924
3,GUT,337.727258,124.968255,28.358312,AGO,36.243,ALA,29.959,INK,28.548,MAY,26.995,HEX,27.293,WAX,47.191,MIX,27.298,RUM,43.316,SIP,40.060,OIL,49.422,MOM,46.767
3,GYM,295.22828,51.880083,16.288432,EGO,29.701,TAX,51.520,OAR,39.890,MOM,40.676,LID,48.159
3,HEX,338.718731,138.017487,4.407494,GUT,27.293,SIP,29.798,MAY,32.110,WAX,33.370,MIX,35.682
3,INK,343.437092,133.01688,55.147004,ALA,25.105,GUT,28.548,MAY,29.066,RUM,31.989,OIL,34.512
3,LID,321.247751,65.59649,-21.844389,AIM,31.548,EGO,31.642,GYM,48.159,MOM,43.644,WAX,49.503
3,MAY,353.64725,146.537519,31.529394,GUT,26.995,HEX,32.110,INK,29.066,RUM,29.465,SIP,27.264
3,MIX,314.231033,115.837784,17.883396,AGO,32.761,AIM,38.640,ALA,36.694,GUT,27.298,HEX,35.682,MOM,27.280,OAR,39.418,WAX,41.126
3,MOM,311.663527,88.999165,13.726255,AGO,34.458,AIM,28.435,EGO,26.402,GUT,46.767,GYM,40.676,LID,43.644,MIX,27.280,OAR,28.025,TAX,52.445,WAX,45.702
3,OAR,293.990962,86.886344,35.374324,AGO,29.769,EGO,40.500,FLY,45.897,GYM,39.890,MIX,39.418,MOM,28.025,TAX,31.152
3,OIL,339.375554,103.735307,72.956643,AGO,34.278,ALA,30.289,FLY,28.113,GUT,49.422,INK,34.512,RUM,53.062,TAX,49.970
3,RUM,374.68917,134.971093,48.607763,GUT,43.316,INK,31.989,MAY,29.465,OIL,53.062,SIP,41.243
3,SIP,367.876581,142.478321,8.629615,GUT,40.060,HEX,29.798,MAY,27.264,RUM,41.243,WAX,50.951
3,TAX,300.888066,73.567355,62.677966,AGO,35.712,FLY,28.924,GYM,51.520,MOM,52.445,OAR,31.152,OIL,49.970
3,WAX,335.512218,112.769001,-17.174624,AIM,30.612,GUT,47.191,HEX,33.370,LID,49.503,MIX,41.126,MOM,45.702,SIP,50.951
4,BAR,289.266493,-27.929054,16.672576,CUP,29.898,FLU,28.335,DOG,28.065
4,BED,300.035084,-6.740937,65.18504,ICE,29.337,DOG,28.839,SAY,40.123,GIN,46.622,PAW,38.514,CUP,44.925,DAY,38.677
4,BOX,294.166316,45.111266,-11.439247,HUG,29.274,GYM,28.644,VAN,30.999
4,CUP,294.394846,1.157093,21.321165,BAR,29.898,BED,44.925,VAN,27.588,DOG,29.547,DAY,42.042,FLU,26.339,HUG,38.124,GYM,46.519,PAW,28.044
4,DAY,301.809095,29.411628,51.557157,BED,38.677,CUP,42.042,TAX,41.544,PAW,24.379,SAY,24.482,ZIG,26.502,GIN,40.526,GYM,39.580
4,DOG,285.850277,-17.55976,42.526524,BAR,28.065,BED,28.839,CUP,29.547,PAW,35.591
4,FLU,289.818992,-7.626168,-3.084427,BAR,28.335,CUP,26.339,HUG,29.598,VAN,30.601
4,GIN,306.754336,30.978472,91.749911,BED,46.622,DAY,40.526,WIZ,30.094,SAY,27.777,TAX,47.960,ICE,31.405
4,GYM,294.533768,47.48437,17.103746,BOX,28.644,CUP,46.519,DAY,39.580,VAN,30.638,TAX,51.520,PAW,39.594,HUG,42.929,ZIG,31.676
4,HUG,303.083397,17.23733,-12.135834,BOX,29.274,CUP,38.124,FLU,29.598,GYM,42.929,VAN,26.242
4,ICE,295.112131,1.830724,92.806181,BED,29.337,GIN,31.405,SAY,36.792
4,PAW,283.189914,17.891034,40.836923,BED,38.514,CUP,28.044,DAY,24.379,DOG,35.591,GYM,39.594,SAY,33.640,ZIG,31.602,VAN,35.556
4,SAY,287.717971,30.915128,71.521293,BED,40.123,DAY,24.482,GIN,27.777,ICE,36.792,PAW,33.640,TAX,41.032,WIZ,40.020,ZIG,30.508
4,TAX,300.193554,69.171641,63.49328,DAY,41.544,GIN,47.960,GYM,51.520,SAY,41.032,WIZ,31.707,ZIG,30.550
4,VAN,284.002563,21.181929,5.442592,BOX,30.999,CUP,27.588,FLU,30.601,GYM,30.638,HUG,26.242,PAW,35.556
4,WIZ,302.317321,60.660835,93.963198,GIN,30.094,SAY,40.020,TAX,31.707
4,ZIG,284.362154,48.849508,47.070983,DAY,26.502,GYM,31.676,PAW,31.602,SAY,30.508,TAX,30.550
5,ADO,408.397779,92.454329,116.19127,JOB,29.216,DUB,30.374,BOA,27.611,REF,42.631,TOY,28.888,NIL,39.321,NAY,29.003,WAR,30.316,HOW,42.248,PLY,51.687
5,BOA,391.642463,113.458091,109.827824,ADO,27.611,REF,29.396,WAR,28.481,SHY,36.092,NAY,32.566,HOW,29.190
5,DRY,339.586595,98.988624,103.596917,OIL,28.243,VOW,30.411,REF,28.375,SHY,42.500,FLY,35.709,FUN,31.518
5,DUB,437.244806,99.446321,109.744892,ADO,30.374,TOY,28.133,WAR,26.868
5,FLY,314.35537,93.834821,78.858535,DRY,35.709,OIL,28.113,VOW,40.847
5,FUN,354.76883,80.680363,124.277968,DRY,31.518,NAY,29.098,PLY,32.465,REF,29.462,VOW,30.751
5,HOW,400.352096,116.059881,82.089072,ADO,42.248,BOA,29.190,REF,43.317,WAR,26.321,RUM,42.355,SHY,34.238
5,JOB,400.390413,74.000144,137.379116,ADO,29.216,NAY,24.644,NIL,26.875,JUG,36.461,TOY,32.280,PLY,34.483
5,JUG,393.914661,39.383813,146.823548,JOB,36.461,PLY,32.739,NIL,35.461
5,NAY,382.477881,88.455799,128.574686,ADO,29.003,BOA,32.566,FUN,29.098,JOB,24.644,PLY,34.786,REF,30.099
5,NIL,418.942362,56.658565,128.584766,ADO,39.321,JOB,26.875,JUG,35.461,TOY,26.627,PLY,44.788
5,OIL,341.254938,101.28211,75.496277,DRY,28.243,FLY,28.113,VOW,44.021,RUM,53.062,SHY,37.192,REF,39.044
5,PLY,374.292929,54.776505,125.612295,ADO,51.687,FUN,32.465,JOB,34.483,JUG,32.739,NAY,34.786,NIL,44.788,REF,48.175,VOW,47.520
5,REF,367.9058,97.221457,103.739432,ADO,42.631,BOA,29.396,DRY,28.375,FUN,29.462,HOW,43.317,NAY,30.099,OIL,39.044,PLY,48.175,RUM,63.928,VOW,43.977,SHY,33.495
5,RUM,376.568553,132.517896,51.147398,HOW,42.355,OIL,53.062,REF,63.928,SHY,36.387
5,SHY,367.623999,125.44389,85.701709,BOA,36.092,DRY,42.500,HOW,34.238,OIL,37.192,REF,33.495,RUM,36.387
5,TOY,431.030738,80.367242,129.464582,ADO,28.888,DUB,28.133,JOB,32.280,NIL,26.627
5,VOW,334.114075,69.092577,104.662813,DRY,30.411,FLY,40.847,FUN,30.751,OIL,44.021,PLY,47.520,REF,43.977
5,WAR,418.555622,116.699445,101.089805,ADO,30.316,BOA,28.481,DUB,26.868,HOW,26.321
6,ACT,345.438194,-19.820739,126.222191,TRY,26.267,DUH,28.819,NAN,44.862,TAU,38.460,SOY,39.262,HAM,37.685,LAX,36.013
6,DUH,345.07075,4.700663,141.359139,ACT,28.819,TRY,28.977,NAN,29.783,MOP,28.721,SOY,26.236,HAM,33.658
6,ERA,408.17986,17.176463,139.023359,JUG,28.226,RIB,27.026,SOY,38.637,PLY,52.376
6,FAN,342.965363,50.594242,131.386532,VOW,31.898,MOP,25.000,PLY,28.850,ZZZ,29.410,NAN,29.161
6,FOG,382.518977,-22.433952,155.477648,TAU,28.871,TRY,25.870,RIB,26.040,SOY,33.804
6,GIN,306.524701,30.926223,95.514114,NAN,41.604,LAX,47.019,ICE,31.405,ZZZ,28.776,VOW,45.254,HAM,37.537
6,HAM,318.424371,5.895952,120.830615,ACT,37.685,DUH,33.658,GIN,37.537,NAN,28.231,LAX,25.738,ZZZ,36.418,ICE,34.055
6,ICE,294.882496,1.778475,96.570384,GIN,31.405,HAM,34.055,LAX,28.533
6,JUG,391.11113,37.389047,148.863431,ERA,28.226,PLY,32.739,RIB,37.935,SOY,38.089,MOP,36.904
6,LAX,317.340656,-13.946415,104.473882,ACT,36.013,GIN,47.019,HAM,25.738,ICE,28.533,NAN,46.750
6,MOP,355.39646,31.499951,141.675366,DUH,28.721,FAN,25.000,JUG,36.904,SOY,30.152,NAN,28.087,PLY,30.142
6,NAN,339.892514,24.175913,119.429466,ACT,44.862,DUH,29.783,FAN,29.161,GIN,41.604,HAM,28.231,LAX,46.750,MOP,28.087,VOW,45.584,SOY,42.161,PLY,43.408,ZZZ,28.942
6,PLY,371.489398,52.781739,127.652178,ERA,52.376,FAN,28.850,JUG,32.739,MOP,30.142,NAN,43.408,SOY,48.717,VOW,47.520
6,RIB,395.218839,0.298573,155.683107,ERA,27.026,FOG,26.040,JUG,37.935,SOY,28.724
6,SOY,371.274993,5.881377,140.830354,ACT,39.262,DUH,26.236,ERA,38.637,FOG,33.804,JUG,38.089,MOP,30.152,NAN,42.161,PLY,48.717,RIB,28.724,TRY,30.787,TAU,49.611
6,TAU,373.140916,-43.628065,138.261629,ACT,38.460,FOG,28.871,SOY,49.611,TRY,30.412
6,TRY,357.428665,-20.183222,149.589763,ACT,26.267,DUH,28.977,FOG,25.870,SOY,30.787,TAU,30.412
6,VOW,331.310543,67.097811,106.702696,FAN,31.898,GIN,45.254,NAN,45.584,PLY,47.520,ZZZ,31.302
6,ZZZ,317.310635,42.277712,119.656179,FAN,29.410,GIN,28.776,HAM,36.418,NAN,28.942,VOW,31.302
7,ACE,479.498928,41.257824,96.835889,WET,42.052,BRO,30.608,EYE,30.555,IVY,45.119,FIX,47.393,YES,39.859,SUN,28.154,POP,29.383,EON,36.612,NOM,51.101,HIT,31.142
7,AHI,435.566449,33.922206,142.527308,NIL,27.548,YES,28.517,ERA,28.051,IRE,34.612,EON,33.588
7,BRO,478.579209,71.550251,101.124098,ACE,30.608,WET,27.399,EON,37.604,HIT,24.919,NOM,32.003
7,EON,459.404539,50.779035,125.922509,ACE,36.612,AHI,33.588,BRO,37.604,YES,27.068,WET,27.438,POP,36.071,NIL,38.005,TOY,37.509
7,ERA,413.811972,16.707788,138.372934,AHI,28.051,IRE,29.463,YES,42.375,NIL,39.232
7,EYE,493.886178,14.45058,94.011663,ACE,30.555,SUN,26.917,FIX,30.469,IVY,29.388,POP,29.514
7,FIX,471.575365,-5.344422,100.238276,ACE,47.393,EYE,30.469,MAC,28.930,POP,31.200,IVY,43.030,YES,42.295
7,HIT,493.405236,64.972903,82.206327,ACE,31.142,BRO,24.919,SUN,30.225,NOM,30.870
7,IRE,436.812111,-0.602002,144.654631,AHI,34.612,ERA,29.463,YES,38.906,MAC,32.691
7,IVY,490.155535,11.051227,65.060005,ACE,45.119,EYE,29.388,FIX,43.030,SUN,30.312
7,MAC,464.704241,0.796896,127.661004,FIX,28.930,IRE,32.691,POP,25.144,YES,29.735
7,NIL,421.770942,54.195124,129.974224,AHI,27.548,EON,38.005,ERA,39.232,TOY,26.199,WET,40.765,YES,41.807
7,NOM,472.732003,86.057326,73.203665,ACE,51.101,BRO,32.003,HIT,30.870,WET,43.724
7,POP,476.658062,20.313079,117.246902,ACE,29.383,EON,36.071,EYE,29.514,FIX,31.200,MAC,25.144,YES,26.589
7,SUN,500.648086,35.796629,79.073058,ACE,28.154,EYE,26.917,HIT,30.225,IVY,30.312
7,TOY,433.632702,77.524781,131.158162,EON,37.509,NIL,26.199,WET,29.840
7,WET,452.282481,70.999615,108.797264,ACE,42.052,BRO,27.399,EON,27.438,NIL,40.765,NOM,43.724,TOY,29.840,YES,46.479
7,YES,450.780071,25.864664,119.793613,ACE,39.859,AHI,28.517,EON,27.068,ERA,42.375,FIX,42.295,IRE,38.906,MAC,29.735,NIL,41.807,POP,26.589,WET,46.479
8,AMP,450.502445,-110.76609,30.996501,SEX,27.288,YAY,32.474,SAW,35.211
8,BAH,493.978976,-19.324629,-1.400379,ETA,28.723,WIN,26.400,BAM,32.306
8,BAM,469.628809,-40.150012,-5.532969,BAH,32.306,JAR,41.153,YAY,53.411,HAY,31.828,ETA,48.736,WIN,30.346
8,ETA,496.072226,-15.23781,26.953089,BAH,28.723,BAM,48.736,TUX,29.511,LUG,47.800,PAY,30.277,JAR,42.654,WIN,30.266
8,HAY,474.993548,-66.909018,10.842986,BAM,31.828,JAR,24.511,WIN,31.551,YAY,31.846,SAW,36.387
8,JAR,480.555133,-54.722874,31.370198,BAM,41.153,ETA,42.654,HAY,24.511,TAR,43.503,WIN,26.522,PAY,27.759,LUG,42.525,YAY,40.192,WHY,28.683,SAW,34.015
8,KEG,482.373512,-60.781483,85.103488,WHY,28.706,TAR,28.395,LUG,30.007
8,LUG,486.307612,-35.768625,69.000552,ETA,47.800,JAR,42.525,KEG,30.007,PAY,29.694,TAR,44.970,TUX,30.593,WHY,28.573
8,PAY,500.843369,-40.152891,43.481218,ETA,30.277,JAR,27.759,LUG,29.694,TUX,27.109,WHY,27.774,WIN,31.757
8,PHI,470.408654,-101.785986,79.720475,TAR,28.452,SEX,29.166,SAW,41.309
8,SAW,473.720522,-86.467309,41.499793,AMP,35.211,HAY,36.387,JAR,34.015,PHI,41.309,TAR,27.691,SEX,35.938,YAY,30.624,WHY,33.814
8,SEX,458.332691,-115.130647,56.7697,AMP,27.288,PHI,29.166,SAW,35.938,TAR,40.832,YAY,49.099
8,TAR,467.701814,-76.64341,66.680564,JAR,43.503,KEG,28.395,LUG,44.970,PHI,28.452,SAW,27.691,SEX,40.832,WHY,28.548,YAY,45.739
8,TUX,505.037942,-16.002203,55.059076,ETA,29.511,LUG,30.593,PAY,27.109
8,WHY,490.17915,-61.632797,57.492087,JAR,28.683,KEG,28.706,LUG,28.573,PAY,27.774,SAW,33.814,TAR,28.548
8,WIN,493.968978,-41.757337,12.518759,BAH,26.400,BAM,30.346,ETA,30.266,HAY,31.551,JAR,26.522,PAY,31.757
8,YAY,449.08472,-78.888598,24.9626,AMP,32.474,BAM,53.411,HAY,31.846,JAR,40.192,SAW,30.624,SEX,49.099,TAR,45.739
9,AGE,306.000157,-39.935336,36.415019,KIT,36.311,BED,40.975,CHI,27.684,DOG,26.988,COY,42.041,BAR,26.737,SIR,41.029,ONO,32.364,ELK,40.563
9,BAR,290.577705,-31.803876,16.144758,AGE,26.737,SIR,29.629,DOG,28.065,ONO,36.060
9,BED,301.346296,-10.61576,64.657222,AGE,40.975,DOG,28.839,COY,44.139,CHI,29.101
9,CHI,294.002734,-38.577355,61.327482,AGE,27.684,BED,29.101,COY,28.891,DOG,26.726,KIT,31.964
9,COP,353.587905,-102.40147,32.77187,WOW,37.620,USE,24.615,TAT,47.957,ELK,40.681
9,COY,315.797989,-50.798162,75.829271,AGE,42.041,BED,44.139,CHI,28.891,NOR,41.674,ELK,45.660,KIT,28.754
9,DOG,287.161488,-21.434582,41.998706,AGE,26.988,BAR,28.065,BED,28.839,CHI,26.726
9,ELK,322.503369,-76.90066,38.971491,AGE,40.563,COP,40.681,COY,45.660,WIG,33.440,SIR,59.508,NOR,43.620,USE,26.931,KIT,28.334,TAT,39.934,WOW,53.791,ONO,31.751
9,KEY,326.904063,-117.92426,85.630867,WOW,30.494,NOR,27.351,WIG,35.010
9,KIT,302.84319,-69.094233,57.822463,AGE,36.311,CHI,31.964,COY,28.754,ELK,28.334,NOR,36.235,WIG,35.987,ONO,44.130
9,NOR,320.238063,-92.042988,79.816435,COY,41.674,ELK,43.620,KEY,27.351,KIT,36.235,WIG,26.683,WOW,43.163
9,ONO,307.642789,-63.517696,14.310419,AGE,32.364,BAR,36.060,ELK,31.751,KIT,44.130,SIR,32.165,USE,43.792,TAT,32.963
9,SIR,311.374033,-37.468859,-4.185552,AGE,41.029,BAR,29.629,ELK,59.508,ONO,32.165,TAT,41.172
9,TAT,338.630471,-67.296117,3.723695,COP,47.957,ELK,39.934,ONO,32.963,SIR,41.172,USE,39.846
9,USE,330.13826,-99.228408,25.99295,COP,24.615,ELK,26.931,ONO,43.792,TAT,39.846,WOW,41.608,WIG,35.489
9,WIG,313.116378,-103.569785,56.829206,ELK,33.440,KEY,35.010,KIT,35.987,NOR,26.683,USE,35.489,WOW,32.258
9,WOW,337.093372,-125.126968,57.807169,COP,37.620,ELK,53.791,KEY,30.494,NOR,43.163,USE,41.608,WIG,32.258
10,ALL,375.283471,-139.228544,110.016245,GOO,30.577,EGG,30.080,SAD,33.044,RUG,27.456,PIG,32.585
10,AMP,448.540282,-119.516971,32.512105,ROB,32.738,SEX,29.154,CAB,27.417
10,CAB,422.492972,-123.362285,40.157299,AMP,27.417,ROB,28.312,DAD,45.333,OAK,27.720,GET,41.439,SEX,40.124
10,COP,356.556381,-109.678427,35.523645,WOW,37.620,NEW,26.215,GET,43.478
10,DAD,421.771341,-147.807104,78.327823,CAB,45.333,GEL,30.926,FOR,32.089,EAR,49.496,RUG,45.489,PIG,45.486,ROB,30.760,SEX,46.733,EGG,29.658,GET,51.543,OAK,32.334,MOO,31.102
10,EAR,443.137578,-109.258685,100.853044,DAD,49.496,MOO,31.571,GEL,31.911,PIG,43.313,SEX,45.657
10,EGG,401.375187,-150.106326,99.73585,ALL,30.080,DAD,29.658,RUG,29.618,PIG,30.329,FOR,35.657,MOO,30.776
10,FOR,394.685312,-159.931355,66.117883,DAD,32.089,EGG,35.657,OAK,30.043,GET,31.419,RUG,28.309,HIP,32.113
10,GEL,449.629682,-136.5856,85.706055,DAD,30.926,EAR,31.911,SEX,29.787,ROB,35.304,MOO,30.001
10,GET,385.322758,-141.540577,42.426796,CAB,41.439,COP,43.478,DAD,51.543,FOR,31.419,OAK,30.956,HIP,30.840,RUG,42.611,WOW,49.606,NEW,31.292
10,GOO,355.108491,-117.188085,103.526042,ALL,30.577,RUG,41.839,SAD,30.517,PIG,48.390,WOW,48.001
10,HIP,363.621071,-154.306649,60.236337,FOR,32.113,GET,30.840,SAD,33.416,WOW,32.169,RUG,27.811,NEW,31.774
10,MOO,428.073775,-136.408941,106.571714,DAD,31.102,EAR,31.571,EGG,30.776,GEL,30.001,PIG,29.478
10,NEW,355.284886,-135.861526,35.744193,COP,26.215,GET,31.292,HIP,31.774,WOW,29.317
10,OAK,414.997636,-149.22396,46.74352,CAB,27.720,DAD,32.334,FOR,30.043,GET,30.956,ROB,24.944
10,PIG,402.785983,-121.757008,110.420454,ALL,32.585,DAD,45.486,EAR,43.313,EGG,30.329,GOO,48.390,MOO,29.478,RUG,45.170
10,ROB,438.374548,-143.049605,52.874599,AMP,32.738,CAB,28.312,DAD,30.760,GEL,35.304,OAK,24.944,SEX,28.001
10,RUG,376.612491,-147.143886,83.759744,ALL,27.456,DAD,45.489,EGG,29.618,FOR,28.309,GET,42.611,GOO,41.839,HIP,27.811,PIG,45.170,SAD,27.113,WOW,45.733
10,SAD,350.237835,-143.520438,88.892099,ALL,33.044,GOO,30.517,HIP,33.416,RUG,27.113,WOW,32.092
10,SEX,457.382956,-123.751375,59.968317,AMP,29.154,CAB,40.124,DAD,46.733,EAR,45.657,GEL,29.787,ROB,28.001
10,WOW,340.061848,-132.403925,60.558944,COP,37.620,GET,49.606,GOO,48.001,HIP,32.169,NEW,29.317,RUG,45.733,SAD,32.092
11,AIR,467.675739,-32.964382,121.542584,COW,30.542,GIG,26.691,ODD,26.249,MAC,30.088,FAX,29.912,FIX,31.043
11,COW,457.301581,-56.842878,105.573605,AIR,30.542,KEG,29.266,WAS,28.890,ODD,32.319,LIE,45.531,LUG,47.091,FIX,49.192,EAR,46.966,GIG,42.634,TAR,42.174,ZOO,30.593,FAX,27.334
11,EAR,444.261314,-101.839055,102.237147,COW,46.966,LIE,46.845,JAM,29.194,WAS,31.229,ZOO,30.825,TAR,46.068,PHI,30.831
11,FAX,449.475272,-54.441609,131.652682,AIR,29.912,COW,27.334,ZOO,27.229,LIE,32.483,GIG,31.409
11,FIX,470.643738,-9.69654,101.207965,AIR,31.043,COW,49.192,MAC,27.776,ODD,30.084,GAS,28.806,GIG,40.975,LUG,41.816
11,GAS,494.563399,-14.321069,85.837777,FIX,28.806,ODD,29.738,LUG,28.524
11,GIG,443.682788,-23.713493,128.695288,AIR,26.691,COW,42.634,FAX,31.409,FIX,40.975,LIE,52.597,MAC,29.074
11,JAM,428.478523,-102.989003,126.770109,EAR,29.194,ZOO,31.408,LIE,32.271
11,KEG,480.316348,-62.384488,88.36591,COW,29.266,ODD,27.863,TAR,28.753,WAS,25.177,LUG,30.563
11,LIE,421.917819,-71.5737,130.151519,COW,45.531,EAR,46.845,FAX,32.483,GIG,52.597,JAM,32.271,ZOO,30.294
11,LUG,483.571247,-36.744232,72.054651,COW,47.091,FIX,41.816,GAS,28.524,KEG,30.563,TAR,44.558,ODD,28.309
11,MAC,464.704241,-3.655777,127.661004,AIR,30.088,FIX,27.776,GIG,29.074
11,ODD,482.522449,-37.322303,100.338779,AIR,26.249,COW,32.319,FIX,30.084,GAS,29.738,KEG,27.863,LUG,28.309
11,PHI,468.574683,-103.208547,83.329189,EAR,30.831,TAR,30.081,WAS,25.339
11,TAR,464.567117,-76.946592,69.218025,COW,42.174,EAR,46.068,KEG,28.753,LUG,44.558,PHI,30.081,WAS,29.321
11,WAS,468.294032,-82.39975,97.78539,COW,28.890,EAR,31.229,KEG,25.177,PHI,25.339,TAR,29.321,ZOO,31.661
11,ZOO,450.140148,-80.46074,123.65244,COW,30.593,EAR,30.825,FAX,27.229,JAM,31.408,LIE,30.294,WAS,31.661
12,ACT,347.431764,-23.383274,125.895951,BUG,43.787,ASH,25.540,LAM,27.269,LAX,36.013
12,ART,311.296377,-59.37151,104.335168,COY,26.548,FIG,39.639,ASH,35.659,MAD,34.592,LAX,42.628,NOR,39.512,BUG,29.513
12,ASH,325.688309,-36.652361,127.749856,ACT,25.540,ART,35.659,LAM,26.530,LAX,31.047,BUG,32.615
12,BED,301.799018,-10.355721,68.623003,COY,44.139,MAD,30.076,LAX,40.257
12,BUG,337.445285,-65.033316,116.793246,ACT,43.787,ART,29.513,ASH,32.615,YAK,31.199,LAB,30.833,LAM,30.798,NOR,45.673,LAX,52.407,COY,45.035,GOO,48.636,FIG,31.810
12,COY,316.250712,-50.538123,79.795053,ART,26.548,BED,44.139,BUG,45.035,LAX,41.152,NOR,41.674,MAD,29.460
12,FIG,327.593674,-94.801302,111.434628,ART,39.639,BUG,31.810,KEY,31.618,GOO,29.838,NOR,28.660,YAK,27.128
12,GOO,352.592737,-109.651089,104.740048,BUG,48.636,FIG,29.838,YAK,28.757,NOR,42.145,KEY,30.502
12,KEY,327.356785,-117.664221,89.596648,FIG,31.618,GOO,30.502,NOR,27.351
12,LAB,357.323257,-69.061548,140.0159,BUG,30.833,LAM,24.462,YAK,27.336
12,LAM,347.03263,-46.871029,139.743421,ACT,27.269,ASH,26.530,BUG,30.798,LAB,24.462
12,LAX,319.334226,-17.508949,104.147642,ACT,36.013,ART,42.628,ASH,31.047,BED,40.257,BUG,52.407,COY,41.152,MAD,26.904
12,MAD,298.986467,-29.715372,91.466926,ART,34.592,BED,30.076,COY,29.460,LAX,26.904
12,NOR,320.690786,-91.782949,83.782217,ART,39.512,BUG,45.673,COY,41.674,FIG,28.660,GOO,42.145,KEY,27.351
12,YAK,349.521498,-91.87673,127.136509,BUG,31.199,FIG,27.128,GOO,28.757,LAB,27.336
13,GOO,354.688067,-113.451741,104.890951,PRO,31.413,ZAP,40.558,YAK,28.757,PIG,48.390
13,HOT,401.254834,-99.301305,136.731721,PRO,31.149,PIG,31.208,ZAP,26.833,JAM,27.929,OLD,35.826,LIE,32.794
13,JAM,426.629918,-105.618695,126.920969,HOT,27.929,PIG,31.171,LIE,32.970
13,LAB,359.418586,-72.862199,140.166803,TAU,28.283,YAK,27.336,ZAP,27.886,OLD,39.885
13,LIE,419.87194,-73.419,129.055096,HOT,32.794,JAM,32.970,ZAP,44.733,OLD,30.593,TAU,49.020,PIG,50.932
13,OLD,397.719556,-65.718765,148.699391,HOT,35.826,LAB,39.885,LIE,30.593,TAU,27.375,ZAP,37.259
13,PIG,402.365559,-118.020664,111.785363,GOO,48.390,HOT,31.208,JAM,31.171,LIE,50.932,ZAP,40.778,PRO,31.028
13,PRO,375.996709,-115.248987,127.901375,GOO,31.413,HOT,31.149,PIG,31.028,ZAP,26.014,YAK,31.270
13,TAU,377.229816,-50.991251,138.086292,LAB,28.283,LIE,49.020,OLD,27.375,ZAP,39.751
13,YAK,351.616827,-95.677381,127.287411,GOO,28.757,LAB,27.336,PRO,31.270,ZAP,27.224
13,ZAP,378.086927,-89.320592,127.586788,GOO,40.558,HOT,26.833,LAB,27.886,LIE,44.733,OLD,37.259,PIG,40.778,PRO,26.014,TAU,39.751,YAK,27.224
14,ERA,410.282642,14.139188,139.939988,IRE,29.597,RIB,27.026,GIG,47.410,LAW,41.834
14,EVE,427.455814,-41.814324,147.399646,LAW,25.511,OLD,37.354,GIG,28.947,IRE,38.530,LIE,33.666
14,FOG,384.621758,-25.471226,156.394278,TAU,28.871,LAW,25.679,RIB,26.040,OLD,38.176
14,GIG,438.499687,-22.36318,129.026099,ERA,47.410,EVE,28.947,IRE,26.081,LIE,51.087,LAW,35.253
14,IRE,433.000879,-3.699048,146.393602,ERA,29.597,EVE,38.530,GIG,26.081,LAW,35.462,RIB,37.123
14,LAW,406.769853,-27.39158,143.542261,ERA,41.834,EVE,25.511,FOG,25.679,GIG,35.253,IRE,35.462,RIB,29.454,LIE,45.189,TAU,37.208,OLD,36.290
14,LIE,417.885822,-69.093088,130.147063,EVE,33.666,GIG,51.087,LAW,45.189,OLD,30.593,TAU,49.020
14,OLD,395.733437,-61.392854,149.791358,EVE,37.354,FOG,38.176,LAW,36.290,LIE,30.593,TAU,27.375
14,RIB,397.32162,-2.738701,156.599737,ERA,27.026,FOG,26.040,IRE,37.123,LAW,29.454
14,TAU,375.243698,-46.66534,139.178258,FOG,28.871,LAW,37.208,LIE,49.020,OLD,27.375
