Node,X,Y,Z,Subnodes,Neighbor_Nodes,Bars,Physical_Bars,Physical_Nodes,Ground,Inner_Outer,Left_Right_Mid
AGO,-73.94038531,90.54470979,-24.60431264,DEPRECATED,ALA_OAR_MIX_TAX,AGO-ALA_AGO-OAR_AGO-MIX_AGO-TAX,DEPRECATED,DEPRECATED,0,inner,left
BOX,-98.03328531,40.72574979,-82.64092264,DEPRECATED,HUG_GYM_VAN_LID_EGO,BOX-HUG_BOX-GYM_BOX-VAN_BOX-LID_BOX-EGO,DEPRECATED,DEPRECATED,1,outer,left
SIP,-25.01758531,133.6971198,-61.75674664,DEPRECATED,GUT_HEX_MAY_RUM_WAX,GUT-SIP_HEX-SIP_MAY-SIP_RUM-SIP_SIP-WAX,DEPRECATED,DEPRECATED,1,inner,left
BOY,105.7909147,6.008069785,-62.34431464,DEPRECATED,BAH_FOX_CIS_ORC,BAH-BOY_BOY-FOX_BOY-CIS_BOY-ORC,DEPRECATED,DEPRECATED,0,outer,right
PAY,101.0349147,-41.31128021,-28.35872264,DEPRECATED,ETA_TUX_WHY_WIN,ETA-PAY_PAY-TUX_PAY-WHY_PAY-WIN,DEPRECATED,DEPRECATED,0,outer,right
AGE,-87.77638531,-40.48878021,-34.41849264,DEPRECATED,KIT_DOG_BAR_SIR,AGE-KIT_AGE-DOG_AGE-BAR_AGE-SIR,DEPRECATED,DEPRECATED,0,inner,left
NAN,-52.24238531,19.81194979,44.70067736,DEPRECATED,DUH_FAN_HAM_SOY,DUH-NAN_FAN-NAN_HAM-NAN_NAN-SOY,DEPRECATED,DEPRECATED,0,inner,left
EON,59.64691469,45.68503979,50.22447736,DEPRECATED,AHI_BRO_YES_POP_NIL_TOY,AHI-EON_BRO-EON_EON-YES_EON-POP_EON-NIL_EON-TOY,DEPRECATED,DEPRECATED,0,outer,right
MIX,-78.66308531,107.0565198,-52.50296264,DEPRECATED,AIM_ALA_GUT_HEX_MOM_OAR_WAX_AGO,AIM-MIX_ALA-MIX_GUT-MIX_HEX-MIX_MIX-MOM_MIX-OAR_MIX-WAX_AGO-MIX,DEPRECATED,DEPRECATED,0,outer,left
EGO,-95.49628531,65.58764979,-73.37805264,DEPRECATED,AIM_MOM_LID_OAR_BOX_GYM,AIM-EGO_EGO-MOM_EGO-LID_EGO-OAR_BOX-EGO_EGO-GYM,DEPRECATED,DEPRECATED,0,outer,left
OAR,-98.90318531,78.10511979,-35.01203264,DEPRECATED,AGO_EGO_FLY_GYM_MIX_ZIG,AGO-OAR_EGO-OAR_FLY-OAR_GYM-OAR_MIX-OAR_OAR-ZIG,DEPRECATED,DEPRECATED,0,outer,left
BOA,-3.189085311,107.2747198,37.10817736,DEPRECATED,REF_WAR_SHY_NAY_HOW,BOA-REF_BOA-WAR_BOA-SHY_BOA-NAY_BOA-HOW,DEPRECATED,DEPRECATED,0,outer,mid
NAY,-12.74208531,81.87913979,55.20577736,DEPRECATED,ADO_BOA_FUN_JOB_REF_PLY,ADO-NAY_BOA-NAY_FUN-NAY_JOB-NAY_NAY-REF_NAY-PLY,DEPRECATED,DEPRECATED,0,outer,left
EGG,3.377914689,-143.2638802,26.32480736,DEPRECATED,ALL_PIG_FOR_MOO,ALL-EGG_EGG-PIG_EGG-FOR_EGG-MOO,DEPRECATED,DEPRECATED,0,outer,mid
TAT,-54.99058531,-68.70018021,-67.06360264,DEPRECATED,COP_ELK_ONO_SIR_USE,COP-TAT_ELK-TAT_ONO-TAT_SIR-TAT_TAT-USE,DEPRECATED,DEPRECATED,1,inner,left
SPY,57.29291469,115.5800198,-34.97468264,DEPRECATED,BIO_NIX_OVA_RAW,BIO-SPY_NIX-SPY_OVA-SPY_RAW-SPY,DEPRECATED,DEPRECATED,0,inner,right
RAD,44.77791469,125.9956198,-11.34018264,DEPRECATED,BIO_GAL_OVA_ELF,BIO-RAD_GAL-RAD_OVA-RAD_ELF-RAD,DEPRECATED,DEPRECATED,0,outer,right
COW,59.72391469,-55.89118021,30.46777736,DEPRECATED,WAS_ODD_FAX_AIR_KEG_ZOO,COW-WAS_COW-ODD_COW-FAX_AIR-COW_COW-KEG_COW-ZOO,DEPRECATED,DEPRECATED,0,inner,right
TAR,67.29491469,-77.22748021,-5.291122644,DEPRECATED,PHI_WAS_WHY_YAY,PHI-TAR_TAR-WAS_TAR-WHY_TAR-YAY,DEPRECATED,DEPRECATED,0,inner,right
JOY,83.44291469,99.07111979,-25.73498264,DEPRECATED,BIO_NOM_RAW_DIG,BIO-JOY_JOY-NOM_JOY-RAW_DIG-JOY,DEPRECATED,DEPRECATED,0,outer,right
PRO,-22.35008531,-111.9128802,52.64477736,DEPRECATED,GOO_HOT_PIG_ZAP_YAK_ALL,GOO-PRO_HOT-PRO_PIG-PRO_PRO-ZAP_PRO-YAK_ALL-PRO,DEPRECATED,DEPRECATED,0,outer,left
PAW,-109.0096853,13.50551979,-30.36475264,DEPRECATED,BED_CUP_DOG_GYM_SAY_ZIG_VAN,BED-PAW_CUP-PAW_DOG-PAW_GYM-PAW_PAW-SAY_PAW-ZIG_PAW-VAN,DEPRECATED,DEPRECATED,0,outer,left
TAX,-92.00608531,64.78612979,-7.708392644,DEPRECATED,FLY_WIZ_ZIG_AGO,FLY-TAX_TAX-WIZ_TAX-ZIG_AGO-TAX,DEPRECATED,DEPRECATED,0,inner,left
PIE,18.29291469,126.9045198,-23.74517264,DEPRECATED,ELF_GAL_HOW_NIX_OVA_RUM,ELF-PIE_GAL-PIE_HOW-PIE_NIX-PIE_OVA-PIE_PIE-RUM,DEPRECATED,DEPRECATED,1,inner,right
PIG,4.566914689,-115.0268802,38.66737736,DEPRECATED,EGG_JAM_PRO_MOO,EGG-PIG_JAM-PIG_PIG-PRO_MOO-PIG,DEPRECATED,DEPRECATED,0,inner,mid
RAW,75.89891469,106.4239198,-54.67726264,DEPRECATED,FRO_GUN_JOY_LEG_SPY_WHO,FRO-RAW_GUN-RAW_JOY-RAW_LEG-RAW_RAW-SPY_RAW-WHO,DEPRECATED,DEPRECATED,0,outer,right
JOB,5.609914689,67.06567979,64.22097736,DEPRECATED,NAY_JUG_TOY_PLY,JOB-NAY_JOB-JUG_JOB-TOY_JOB-PLY,DEPRECATED,DEPRECATED,0,outer,mid
TAG,99.25791469,30.96896979,-47.87125264,DEPRECATED,FOX_OFF_ORC_TUB_ASK_IVY,FOX-TAG_OFF-TAG_ORC-TAG_TAG-TUB_ASK-TAG_IVY-TAG,DEPRECATED,DEPRECATED,0,inner,right
DRY,-55.24468531,92.80521979,30.87727736,DEPRECATED,OIL_VOW_REF_SHY_FLY_FUN,DRY-OIL_DRY-VOW_DRY-REF_DRY-SHY_DRY-FLY_DRY-FUN,DEPRECATED,DEPRECATED,0,outer,left
RIB,3.605914689,-3.717764215,80.88867736,DEPRECATED,LAW_FOG_IRE_JUG,LAW-RIB_FOG-RIB_IRE-RIB_JUG-RIB,DEPRECATED,DEPRECATED,0,outer,mid
VAN,-108.6478853,17.78439979,-65.90712164,DEPRECATED,BOX_CUP_FLU_HUG_PAW_GYM,BOX-VAN_CUP-VAN_FLU-VAN_HUG-VAN_PAW-VAN_GYM-VAN,DEPRECATED,DEPRECATED,0,outer,left
WIG,-80.66018531,-104.1232802,-14.00430264,DEPRECATED,KEY_KIT_NOR_USE_WOW_ELK,KEY-WIG_KIT-WIG_NOR-WIG_USE-WIG_WIG-WOW_ELK-WIG,DEPRECATED,DEPRECATED,0,outer,left
EYE,95.25591469,9.086469785,18.46879736,DEPRECATED,SUN_POP_GAS_FIX,EYE-SUN_EYE-POP_EYE-GAS_EYE-FIX,DEPRECATED,DEPRECATED,0,outer,right
HAM,-72.73478531,1.925039785,49.19047736,DEPRECATED,DUH_NAN_ZZZ_ICE_ASH_LAX,DUH-HAM_HAM-NAN_HAM-ZZZ_HAM-ICE_ASH-HAM_HAM-LAX,DEPRECATED,DEPRECATED,0,outer,left
LIE,23.13491469,-70.39778021,54.58787736,DEPRECATED,EVE_ZOO_HOT_FAX,EVE-LIE_LIE-ZOO_HOT-LIE_FAX-LIE,DEPRECATED,DEPRECATED,0,inner,right
CHI,-99.77388531,-39.13078021,-9.506032644,DEPRECATED,BED_DOG_KIT_MAD,BED-CHI_CHI-DOG_CHI-KIT_CHI-MAD,DEPRECATED,DEPRECATED,0,outer,left
FIX,73.79991469,-9.907870215,25.56523736,DEPRECATED,AIR_GAS_POP_EYE,AIR-FIX_FIX-GAS_FIX-POP_EYE-FIX,DEPRECATED,DEPRECATED,0,inner,right
JAR,80.67491469,-55.27258021,-40.14162264,DEPRECATED,BAM_WIN_YAY_WHY_SAW_ETA,BAM-JAR_JAR-WIN_JAR-YAY_JAR-WHY_JAR-SAW_ETA-JAR,DEPRECATED,DEPRECATED,0,inner,right
GIG,45.44991469,-23.53178021,53.55597736,DEPRECATED,IRE_AIR_FAX_EVE,GIG-IRE_AIR-GIG_FAX-GIG_EVE-GIG,DEPRECATED,DEPRECATED,0,inner,right
HAY,75.18491469,-68.06738021,-60.99695264,DEPRECATED,BAM_WIN_YAY_SAW,BAM-HAY_HAY-WIN_HAY-YAY_HAY-SAW,DEPRECATED,DEPRECATED,1,outer,right
JAM,29.58691469,-102.4980802,52.18057736,DEPRECATED,ZOO_HOT_PIG_MOO,JAM-ZOO_HOT-JAM_JAM-PIG_JAM-MOO,DEPRECATED,DEPRECATED,0,outer,right
FIG,-66.68308531,-94.63708021,36.45687736,DEPRECATED,ART_BUG_KEY_GOO_NOR_YAK,ART-FIG_BUG-FIG_FIG-KEY_FIG-GOO_FIG-NOR_FIG-YAK,DEPRECATED,DEPRECATED,0,outer,left
LID,-71.91598531,57.03345979,-91.59482264,DEPRECATED,AIM_EGO_GYM_MOM_WAX_BOX_HUG,AIM-LID_EGO-LID_GYM-LID_LID-MOM_LID-WAX_BOX-LID_HUG-LID,DEPRECATED,DEPRECATED,1,inner,left
WET,53.48991469,66.64073979,32.80697736,DEPRECATED,DUB_BRO_TOY_ACE,DUB-WET_BRO-WET_TOY-WET_ACE-WET,DEPRECATED,DEPRECATED,0,inner,right
GIN,-85.52768531,26.57760979,20.66678736,DEPRECATED,WIZ_ICE_ZZZ_SAY,GIN-WIZ_GIN-ICE_GIN-ZZZ_GIN-SAY,DEPRECATED,DEPRECATED,0,inner,left
LAM,-46.87548531,-47.55288021,65.35907736,DEPRECATED,ACT_ASH_LAB_TRY,ACT-LAM_ASH-LAM_LAB-LAM_LAM-TRY,DEPRECATED,DEPRECATED,0,outer,left
PHI,70.71091469,-102.8541802,8.053687356,DEPRECATED,TAR_EAR_WAS_SAW_GEL_SEX,PHI-TAR_EAR-PHI_PHI-WAS_PHI-SAW_GEL-PHI_PHI-SEX,DEPRECATED,DEPRECATED,0,outer,right
OIL,-54.62288531,95.41231979,2.523727356,DEPRECATED,ALA_INK_RUM_DRY,ALA-OIL_INK-OIL_OIL-RUM_DRY-OIL,DEPRECATED,DEPRECATED,0,inner,left
NIL,23.62591469,49.65308979,55.14827736,DEPRECATED,JUG_TOY_EON_AHI,JUG-NIL_NIL-TOY_EON-NIL_AHI-NIL,DEPRECATED,DEPRECATED,0,inner,right
ELF,42.03791469,100.9080198,6.134797356,DEPRECATED,BIO_DUB_PIE_GAL_WAR_RAD,BIO-ELF_DUB-ELF_ELF-PIE_ELF-GAL_ELF-WAR_ELF-RAD,DEPRECATED,DEPRECATED,0,inner,right
AHI,35.92691469,28.30206979,67.00847736,DEPRECATED,IRE_EON_JUG_NIL,AHI-IRE_AHI-EON_AHI-JUG_AHI-NIL,DEPRECATED,DEPRECATED,0,outer,right
LAB,-37.47038531,-69.66668021,65.73047736,DEPRECATED,YAK_TAU_ZAP_OLD_BUG_LAM,LAB-YAK_LAB-TAU_LAB-ZAP_LAB-OLD_BUG-LAB_LAB-LAM,DEPRECATED,DEPRECATED,0,outer,left
KIT,-90.93338531,-69.64768021,-13.01105264,DEPRECATED,AGE_CHI_COY_ELK_NOR_WIG_ONO_ART,AGE-KIT_CHI-KIT_COY-KIT_ELK-KIT_KIT-NOR_KIT-WIG_KIT-ONO_ART-KIT,DEPRECATED,DEPRECATED,0,outer,left
MAY,-38.12798531,137.5014198,-38.92368264,DEPRECATED,HEX_INK_RUM_SIP,HEX-MAY_INK-MAY_MAY-RUM_MAY-SIP,DEPRECATED,DEPRECATED,0,outer,left
MAC,66.58791469,-4.202273215,51.82737736,DEPRECATED,AIR_IRE_POP_YES,AIR-MAC_IRE-MAC_MAC-POP_MAC-YES,DEPRECATED,DEPRECATED,0,outer,right
OVA,36.94091469,139.4845198,-38.20640264,DEPRECATED,LEG_NIX_PIE_RAD_SPY,LEG-OVA_NIX-OVA_OVA-PIE_OVA-RAD_OVA-SPY,DEPRECATED,DEPRECATED,0,outer,right
LAX,-74.61178531,-18.08536021,30.75307736,DEPRECATED,ASH_MAD_ICE_HAM,ASH-LAX_LAX-MAD_ICE-LAX_HAM-LAX,DEPRECATED,DEPRECATED,0,inner,left
MAD,-94.92168531,-30.39728021,17.08255736,DEPRECATED,ART_COY_LAX_CHI_ICE_BED,ART-MAD_COY-MAD_LAX-MAD_CHI-MAD_ICE-MAD_BED-MAD,DEPRECATED,DEPRECATED,0,outer,left
WIN,94.15991469,-42.91568021,-59.32118264,DEPRECATED,BAH_BAM_HAY_JAR_PAY_ETA,BAH-WIN_BAM-WIN_HAY-WIN_JAR-WIN_PAY-WIN_ETA-WIN,DEPRECATED,DEPRECATED,0,outer,right
YES,51.32191469,19.80852979,44.33137736,DEPRECATED,EON_IRE_POP_MAC,EON-YES_IRE-YES_POP-YES_MAC-YES,DEPRECATED,DEPRECATED,0,inner,right
LAW,12.92391469,-28.95138021,67.68987736,DEPRECATED,RIB_FOG_EVE_IRE,LAW-RIB_FOG-LAW_EVE-LAW_IRE-LAW,DEPRECATED,DEPRECATED,0,inner,right
ZAP,-19.94078531,-85.42058021,53.95747736,DEPRECATED,LAB_OLD_PRO_GOO,LAB-ZAP_OLD-ZAP_PRO-ZAP_GOO-ZAP,DEPRECATED,DEPRECATED,0,inner,left
FLY,-80.93358531,87.71725979,5.316157356,DEPRECATED,ALA_OAR_TAX_DRY_WIZ_VOW,ALA-FLY_FLY-OAR_FLY-TAX_DRY-FLY_FLY-WIZ_FLY-VOW,DEPRECATED,DEPRECATED,0,outer,left
RUM,-18.97518531,126.5552198,-21.69788264,DEPRECATED,GUT_INK_MAY_SIP_OIL_PIE_SHY_HOW,GUT-RUM_INK-RUM_MAY-RUM_RUM-SIP_OIL-RUM_PIE-RUM_RUM-SHY_HOW-RUM,DEPRECATED,DEPRECATED,1,inner,left
LUG,86.15891469,-36.61328021,-2.943552644,DEPRECATED,ODD_TUX_WHY_ETA,LUG-ODD_LUG-TUX_LUG-WHY_ETA-LUG,DEPRECATED,DEPRECATED,0,inner,right
FLU,-102.6167853,-11.68779021,-73.81925264,DEPRECATED,BAR_HUG_VAN_SIR,BAR-FLU_FLU-HUG_FLU-VAN_FLU-SIR,DEPRECATED,DEPRECATED,1,outer,left
EVE,33.60991469,-43.37418021,71.54727736,DEPRECATED,LAW_IRE_LIE_OLD_FAX_GIG,EVE-LAW_EVE-IRE_EVE-LIE_EVE-OLD_EVE-FAX_EVE-GIG,DEPRECATED,DEPRECATED,0,outer,right
BED,-93.15698531,-11.31605021,-4.540852644,DEPRECATED,ICE_PAW_CHI_MAD,BED-ICE_BED-PAW_BED-CHI_BED-MAD,DEPRECATED,DEPRECATED,0,inner,left
GUT,-55.16688531,116.1870198,-42.02805264,DEPRECATED,INK_HEX_WAX_MIX_RUM_SIP,GUT-INK_GUT-HEX_GUT-WAX_GUT-MIX_GUT-RUM_GUT-SIP,DEPRECATED,DEPRECATED,0,inner,left
FUN,-40.59428531,73.88971979,51.64937736,DEPRECATED,DRY_NAY_PLY_FAN,DRY-FUN_FUN-NAY_FUN-PLY_FAN-FUN,DEPRECATED,DEPRECATED,0,outer,left
HUG,-89.11618531,12.85181979,-83.33752264,DEPRECATED,BOX_CUP_FLU_GYM_VAN_SIR_LID,BOX-HUG_CUP-HUG_FLU-HUG_GYM-HUG_HUG-VAN_HUG-SIR_HUG-LID,DEPRECATED,DEPRECATED,1,inner,left
SIR,-82.40258531,-38.02238021,-75.01906264,DEPRECATED,AGE_BAR_ELK_ONO_TAT_CUP_FLU_HUG,AGE-SIR_BAR-SIR_ELK-SIR_ONO-SIR_SIR-TAT_CUP-SIR_FLU-SIR_HUG-SIR,DEPRECATED,DEPRECATED,1,inner,left
JUG,-0.970085311,33.11274979,74.11927736,DEPRECATED,JOB_NIL_ERA_RIB_SOY_MOP_AHI_PLY,JOB-JUG_JUG-NIL_ERA-JUG_JUG-RIB_JUG-SOY_JUG-MOP_AHI-JUG_JUG-PLY,DEPRECATED,DEPRECATED,0,outer,mid
GET,-12.52008531,-135.3728802,-31.72499264,DEPRECATED,CAB_COP_DAD_FOR_OAK_HIP_RUG_NEW,CAB-GET_COP-GET_DAD-GET_FOR-GET_GET-OAK_GET-HIP_GET-RUG_GET-NEW,DEPRECATED,DEPRECATED,1,inner,left
ROB,40.37691469,-136.2068802,-20.53644264,DEPRECATED,AMP_CAB_DAD_GEL_OAK_SEX,AMP-ROB_CAB-ROB_DAD-ROB_GEL-ROB_OAK-ROB_ROB-SEX,DEPRECATED,DEPRECATED,0,outer,right
NIX,19.00191469,137.3543198,-64.84222564,DEPRECATED,LEG_SPY_OVA_WHO_PIE,LEG-NIX_NIX-SPY_NIX-OVA_NIX-WHO_NIX-PIE,DEPRECATED,DEPRECATED,1,inner,right
AMP,50.61791469,-112.2998802,-40.87118264,DEPRECATED,ROB_CAB_YAY_SAW,AMP-ROB_AMP-CAB_AMP-YAY_AMP-SAW,DEPRECATED,DEPRECATED,1,outer,right
BUG,-56.02888531,-64.87048021,41.49267736,DEPRECATED,ASH_LAB_FIG_ACT,ASH-BUG_BUG-LAB_BUG-FIG_ACT-BUG,DEPRECATED,DEPRECATED,0,inner,left
GEL,51.99691469,-129.2448802,11.94735736,DEPRECATED,SEX_ROB_MOO_PHI,GEL-SEX_GEL-ROB_GEL-MOO_GEL-PHI,DEPRECATED,DEPRECATED,0,outer,right
FOR,-3.312085311,-153.0888802,-7.293152644,DEPRECATED,DAD_EGG_OAK_GET_RUG_HIP,DAD-FOR_EGG-FOR_FOR-OAK_FOR-GET_FOR-RUG_FOR-HIP,DEPRECATED,DEPRECATED,0,outer,mid
TAU,-19.07338531,-48.42398021,64.42357736,DEPRECATED,OLD_LAB_TRY_FOG,OLD-TAU_LAB-TAU_TAU-TRY_FOG-TAU,DEPRECATED,DEPRECATED,0,inner,left
SHY,-27.20728531,119.2605198,12.98205736,DEPRECATED,BOA_DRY_INK_RUM_HOW,BOA-SHY_DRY-SHY_INK-SHY_RUM-SHY_HOW-SHY,DEPRECATED,DEPRECATED,0,outer,left
WOW,-57.83488531,-126.2468802,-12.31965264,DEPRECATED,COP_NEW_SAD_WIG,COP-WOW_NEW-WOW_SAD-WOW_WIG-WOW,DEPRECATED,DEPRECATED,0,inner,left
FOX,110.1719147,6.915579785,-32.42415264,DEPRECATED,BOY_ETA_SKY_IVY_TUX_TAG,BOY-FOX_ETA-FOX_FOX-SKY_FOX-IVY_FOX-TUX_FOX-TAG,DEPRECATED,DEPRECATED,0,outer,right
ZOO,51.68991469,-79.12338021,48.45917736,DEPRECATED,EAR_FAX_JAM_LIE_WAS_COW,EAR-ZOO_FAX-ZOO_JAM-ZOO_LIE-ZOO_WAS-ZOO_COW-ZOO,DEPRECATED,DEPRECATED,0,outer,right
TRY,-34.70618531,-24.54718021,74.86097736,DEPRECATED,DUH_FOG_TAU_LAM,DUH-TRY_FOG-TRY_TAU-TRY_LAM-TRY,DEPRECATED,DEPRECATED,0,outer,left
FOG,-9.866085311,-26.36488021,80.75277736,DEPRECATED,OLD_RIB_LAW_TRY_SOY_TAU,FOG-OLD_FOG-RIB_FOG-LAW_FOG-TRY_FOG-SOY_FOG-TAU,DEPRECATED,DEPRECATED,0,outer,left
NOM,74.03091469,80.67599979,-2.283252644,DEPRECATED,ARM_JOY_HIT_BIO_BRO_DIG,ARM-NOM_JOY-NOM_HIT-NOM_BIO-NOM_BRO-NOM_DIG-NOM,DEPRECATED,DEPRECATED,0,inner,right
MOP,-36.73838531,27.13598979,66.94657736,DEPRECATED,DUH_FAN_JUG_PLY,DUH-MOP_FAN-MOP_JUG-MOP_MOP-PLY,DEPRECATED,DEPRECATED,0,outer,left
WIZ,-90.41578531,56.02658979,22.99079736,DEPRECATED,GIN_SAY_TAX_FLY_VOW_ZZZ,GIN-WIZ_SAY-WIZ_TAX-WIZ_FLY-WIZ_VOW-WIZ_WIZ-ZZZ,DEPRECATED,DEPRECATED,0,outer,left
VOW,-62.19488531,63.02920979,32.61737736,DEPRECATED,DRY_FAN_WIZ_FLY,DRY-VOW_FAN-VOW_VOW-WIZ_FLY-VOW,DEPRECATED,DEPRECATED,0,inner,left
MOO,30.08891469,-128.6338802,33.03307736,DEPRECATED,DAD_EAR_EGG_GEL_JAM_PIG,DAD-MOO_EAR-MOO_EGG-MOO_GEL-MOO_JAM-MOO_MOO-PIG,DEPRECATED,DEPRECATED,0,outer,right
MOM,-81.23058531,80.21793979,-56.66010264,DEPRECATED,EGO_LID_MIX_WAX,EGO-MOM_LID-MOM_MIX-MOM_MOM-WAX,DEPRECATED,DEPRECATED,0,inner,left
INK,-49.45708531,124.2356198,-15.23935264,DEPRECATED,ALA_GUT_MAY_RUM_OIL_SHY,ALA-INK_GUT-INK_INK-MAY_INK-RUM_INK-OIL_INK-SHY,DEPRECATED,DEPRECATED,0,outer,left
IVY,91.74391469,6.437399785,-10.07456264,DEPRECATED,FOX_SUN_GAS_TAG,FOX-IVY_IVY-SUN_GAS-IVY_IVY-TAG,DEPRECATED,DEPRECATED,0,inner,right
NOR,-73.39898531,-93.24168021,9.476237356,DEPRECATED,FIG_KIT_WIG_KEY,FIG-NOR_KIT-NOR_NOR-WIG_KEY-NOR,DEPRECATED,DEPRECATED,0,inner,left
COP,-40.06518531,-102.0463802,-38.18104264,DEPRECATED,WOW_NEW_GET_USE_TAT_ELK,COP-WOW_COP-NEW_COP-GET_COP-USE_COP-TAT_COP-ELK,DEPRECATED,DEPRECATED,1,inner,left
ACE,80.86891469,35.89371979,21.29301736,DEPRECATED,BRO_SUN_POP_WET,ACE-BRO_ACE-SUN_ACE-POP_ACE-WET,DEPRECATED,DEPRECATED,0,inner,right
COY,-78.55798531,-52.27488021,5.579817356,DEPRECATED,MAD_KIT,COY-MAD_COY-KIT,DEPRECATED,DEPRECATED,0,inner,left
SUN,102.1949147,31.00362979,3.678717356,DEPRECATED,DUI_SKY_HIT_IVY_ACE_EYE,DUI-SUN_SKY-SUN_HIT-SUN_IVY-SUN_ACE-SUN_EYE-SUN,DEPRECATED,DEPRECATED,0,outer,right
DOG,-106.4821853,-21.96668021,-28.75498264,DEPRECATED,BAR_PAW_AGE_CHI,BAR-DOG_DOG-PAW_AGE-DOG_CHI-DOG,DEPRECATED,DEPRECATED,0,outer,left
ETA,95.72791469,-16.40962021,-44.57116264,DEPRECATED,BAH_CIS_FOX_BAM_PAY_LUG_JAR_WIN,BAH-ETA_CIS-ETA_ETA-FOX_BAM-ETA_ETA-PAY_ETA-LUG_ETA-JAR_ETA-WIN,DEPRECATED,DEPRECATED,0,inner,right
ACT,-46.35078531,-24.05568021,52.59247736,DEPRECATED,ASH_LAM_DUH_BUG,ACT-ASH_ACT-LAM_ACT-DUH_ACT-BUG,DEPRECATED,DEPRECATED,0,inner,left
NEW,-43.07138531,-128.0658802,-37.50233264,DEPRECATED,COP_GET_HIP_WOW_USE,COP-NEW_GET-NEW_HIP-NEW_NEW-WOW_NEW-USE,DEPRECATED,DEPRECATED,1,outer,left
SAD,-48.25568531,-136.1468802,15.25143736,DEPRECATED,ALL_GOO_HIP_RUG_WOW_KEY,ALL-SAD_GOO-SAD_HIP-SAD_RUG-SAD_SAD-WOW_KEY-SAD,DEPRECATED,DEPRECATED,0,outer,left
REF,-26.92548531,91.03805979,31.01977736,DEPRECATED,BOA_DRY_NAY_HOW,BOA-REF_DRY-REF_NAY-REF_HOW-REF,DEPRECATED,DEPRECATED,0,inner,left
OAK,16.99991469,-142.3818802,-26.66752264,DEPRECATED,CAB_FOR_GET_ROB,CAB-OAK_FOR-OAK_GET-OAK_OAK-ROB,DEPRECATED,DEPRECATED,1,outer,right
OLD,0.915914689,-62.69958021,74.15047736,DEPRECATED,TAU_FOG_EVE_HOT_LAB_ZAP,OLD-TAU_FOG-OLD_EVE-OLD_HOT-OLD_LAB-OLD_OLD-ZAP,DEPRECATED,DEPRECATED,0,outer,mid
ZZZ,-74.82428531,37.91374979,44.92737736,DEPRECATED,FAN_GIN_HAM_WIZ,FAN-ZZZ_GIN-ZZZ_HAM-ZZZ_WIZ-ZZZ,DEPRECATED,DEPRECATED,0,outer,left
WHO,55.48591469,101.3741198,-77.65919264,DEPRECATED,FRO_GUN_LEG_NIX_RAW_OFF,FRO-WHO_GUN-WHO_LEG-WHO_NIX-WHO_RAW-WHO_OFF-WHO,DEPRECATED,DEPRECATED,1,inner,right
SAY,-104.4816853,26.52961979,0.319617356,DEPRECATED,DAY_ICE_PAW_WIZ_ZIG_GIN,DAY-SAY_ICE-SAY_PAW-SAY_SAY-WIZ_SAY-ZIG_GIN-SAY,DEPRECATED,DEPRECATED,0,outer,left
SEX,59.38491469,-116.9088802,-13.44272264,DEPRECATED,CAB_GEL_ROB_SAW_YAY_PHI,CAB-SEX_GEL-SEX_ROB-SEX_SAW-SEX_SEX-YAY_PHI-SEX,DEPRECATED,DEPRECATED,0,inner,right
ASK,97.92991469,59.19093979,-61.13769264,DEPRECATED,ORC_GUN_TUB_OFF_FRO_TAG,ASK-ORC_ASK-GUN_ASK-TUB_ASK-OFF_ASK-FRO_ASK-TAG,DEPRECATED,DEPRECATED,0,outer,right
ASH,-68.07888531,-36.70078021,52.65817736,DEPRECATED,ACT_ART_LAM_LAX_BUG_HAM,ACT-ASH_ART-ASH_ASH-LAM_ASH-LAX_ASH-BUG_ASH-HAM,DEPRECATED,DEPRECATED,0,outer,left
ODD,84.77091469,-36.87768021,25.23641736,DEPRECATED,AIR_COW_GAS_KEG_LUG,AIR-ODD_COW-ODD_GAS-ODD_KEG-ODD_LUG-ODD,DEPRECATED,DEPRECATED,0,outer,right
WHY,90.65091469,-62.22098021,-14.50681264,DEPRECATED,JAR_KEG_LUG_PAY_SAW_TAR,JAR-WHY_KEG-WHY_LUG-WHY_PAY-WHY_SAW-WHY_TAR-WHY,DEPRECATED,DEPRECATED,0,outer,right
DUH,-47.06408531,0.336698785,66.63037736,DEPRECATED,ACT_TRY_NAN_MOP_SOY_HAM,ACT-DUH_DUH-TRY_DUH-NAN_DUH-MOP_DUH-SOY_DUH-HAM,DEPRECATED,DEPRECATED,0,outer,left
DUI,94.57491469,49.57397979,-13.86839264,DEPRECATED,DIG_SKY_SUN_GUN,DIG-DUI_DUI-SKY_DUI-SUN_DUI-GUN,DEPRECATED,DEPRECATED,0,inner,right
YAY,49.27591469,-80.04698021,-46.87734264,DEPRECATED,AMP_BAM_HAY_JAR_SAW_SEX_TAR_CAB,AMP-YAY_BAM-YAY_HAY-YAY_JAR-YAY_SAW-YAY_SEX-YAY_TAR-YAY_CAB-YAY,DEPRECATED,DEPRECATED,1,inner,right
CUP,-98.33338531,-3.264334215,-48.91952264,DEPRECATED,BAR_VAN_HUG_PAW_SIR_GYM,BAR-CUP_CUP-VAN_CUP-HUG_CUP-PAW_CUP-SIR_CUP-GYM,DEPRECATED,DEPRECATED,0,inner,left
SKY,109.7589147,29.31380979,-21.94992264,DEPRECATED,DUI_FOX_SUN_TUB,DUI-SKY_FOX-SKY_SKY-SUN_SKY-TUB,DEPRECATED,DEPRECATED,0,outer,right
DUB,42.66091469,93.88941979,36.56177736,DEPRECATED,ARM_WET_ELF_WAR_TOY_ADO,ARM-DUB_DUB-WET_DUB-ELF_DUB-WAR_DUB-TOY_ADO-DUB,DEPRECATED,DEPRECATED,0,outer,right
HEX,-54.17538531,129.2362198,-65.97886764,DEPRECATED,GUT_SIP_MAY_WAX_MIX,GUT-HEX_HEX-SIP_HEX-MAY_HEX-WAX_HEX-MIX,DEPRECATED,DEPRECATED,0,outer,left
GUN,79.60091469,77.41395979,-44.14702264,DEPRECATED,RAW_WHO_ASK_DIG_OFF_DUI,GUN-RAW_GUN-WHO_ASK-GUN_DIG-GUN_GUN-OFF_DUI-GUN,DEPRECATED,DEPRECATED,0,inner,right
YAK,-46.13508531,-91.93128021,54.01987736,DEPRECATED,LAB_PRO_FIG,LAB-YAK_PRO-YAK_FIG-YAK,DEPRECATED,DEPRECATED,0,outer,left
WAX,-57.06698531,104.9130198,-87.25362264,DEPRECATED,AIM_GUT_HEX_LID_MIX_MOM_SIP,AIM-WAX_GUT-WAX_HEX-WAX_LID-WAX_MIX-WAX_MOM-WAX_SIP-WAX,DEPRECATED,DEPRECATED,1,inner,left
ADO,14.18691469,85.22802979,42.45317736,DEPRECATED,TOY_NAY_WAR_DUB,ADO-TOY_ADO-NAY_ADO-WAR_ADO-DUB,DEPRECATED,DEPRECATED,0,inner,right
WAS,70.54191469,-81.95518021,22.68302736,DEPRECATED,COW_KEG_PHI_TAR_ZOO,COW-WAS_KEG-WAS_PHI-WAS_TAR-WAS_WAS-ZOO,DEPRECATED,DEPRECATED,0,outer,right
WAR,23.93891469,110.2308198,27.16335736,DEPRECATED,GAL_DUB_HOW_ADO_BOA_ELF,GAL-WAR_DUB-WAR_HOW-WAR_ADO-WAR_BOA-WAR_ELF-WAR,DEPRECATED,DEPRECATED,0,outer,right
TUX,105.2289147,-17.16059021,-16.78086264,DEPRECATED,FOX_LUG_PAY_GAS,FOX-TUX_LUG-TUX_PAY-TUX_GAS-TUX,DEPRECATED,DEPRECATED,0,outer,right
CIS,82.69591469,5.743279785,-76.41968264,DEPRECATED,BAH_BOY_ORC_ETA_OFF_BAM,BAH-CIS_BOY-CIS_CIS-ORC_CIS-ETA_CIS-OFF_BAM-CIS,DEPRECATED,DEPRECATED,1,inner,right
ALL,-22.19968531,-131.3098802,36.77397736,DEPRECATED,EGG_SAD_RUG_PRO,ALL-EGG_ALL-SAD_ALL-RUG_ALL-PRO,DEPRECATED,DEPRECATED,0,outer,left
LEG,53.07991469,128.3878198,-62.31503364,DEPRECATED,OVA_WHO_RAW_NIX,LEG-OVA_LEG-WHO_LEG-RAW_LEG-NIX,DEPRECATED,DEPRECATED,0,outer,right
KEG,82.56491469,-61.93988021,13.26354736,DEPRECATED,ODD_WAS_WHY_COW,KEG-ODD_KEG-WAS_KEG-WHY_COW-KEG,DEPRECATED,DEPRECATED,0,outer,right
SAW,73.91191469,-87.62568021,-30.34014264,DEPRECATED,AMP_HAY_JAR_PHI_SEX_YAY_WHY,AMP-SAW_HAY-SAW_JAR-SAW_PHI-SAW_SAW-SEX_SAW-YAY_SAW-WHY,DEPRECATED,DEPRECATED,0,outer,right
RUG,-20.53078531,-140.2008802,10.48160736,DEPRECATED,ALL_FOR_GET_SAD,ALL-RUG_FOR-RUG_GET-RUG_RUG-SAD,DEPRECATED,DEPRECATED,0,inner,left
PLY,-18.28708531,49.25386979,54.23307736,DEPRECATED,FUN_JOB_MOP_FAN_JUG_NAY,FUN-PLY_JOB-PLY_MOP-PLY_FAN-PLY_JUG-PLY_NAY-PLY,DEPRECATED,DEPRECATED,0,inner,left
ALA,-70.54208531,110.7118198,-16.90559264,DEPRECATED,AGO_OIL_INK_FLY_MIX,AGO-ALA_ALA-OIL_ALA-INK_ALA-FLY_ALA-MIX,DEPRECATED,DEPRECATED,0,outer,left
BRO,79.42791469,66.44999979,25.24169736,DEPRECATED,ACE_WET_EON_HIT_ARM_NOM,ACE-BRO_BRO-WET_BRO-EON_BRO-HIT_ARM-BRO_BRO-NOM,DEPRECATED,DEPRECATED,0,outer,right
KEY,-66.71198531,-118.4118802,15.00481736,DEPRECATED,FIG_WIG_SAD_NOR,FIG-KEY_KEY-WIG_KEY-SAD_KEY-NOR,DEPRECATED,DEPRECATED,0,outer,left
TUB,104.9909147,57.88439979,-36.44122264,DEPRECATED,ASK_DIG_SKY_TAG,ASK-TUB_DIG-TUB_SKY-TUB_TAG-TUB,DEPRECATED,DEPRECATED,0,outer,right
ORC,98.54691469,32.20660979,-74.13855264,DEPRECATED,ASK_BOY_CIS_OFF_TAG,ASK-ORC_BOY-ORC_CIS-ORC_OFF-ORC_ORC-TAG,DEPRECATED,DEPRECATED,0,outer,right
USE,-63.63828531,-99.78188021,-44.84056264,DEPRECATED,COP_ELK_ONO_TAT_WIG_NEW,COP-USE_ELK-USE_ONO-USE_TAT-USE_USE-WIG_NEW-USE,DEPRECATED,DEPRECATED,0,outer,left
TOY,35.53491469,73.44233979,55.92847736,DEPRECATED,ADO_DUB_JOB_NIL_EON_WET,ADO-TOY_DUB-TOY_JOB-TOY_NIL-TOY_EON-TOY_TOY-WET,DEPRECATED,DEPRECATED,0,outer,right
BAR,-103.0659853,-32.33598021,-54.60892264,DEPRECATED,CUP_FLU_DOG_AGE_SIR_ONO,BAR-CUP_BAR-FLU_BAR-DOG_AGE-BAR_BAR-SIR_BAR-ONO,DEPRECATED,DEPRECATED,0,outer,left
ELK,-71.27318531,-77.45418021,-31.86202264,DEPRECATED,COP_SIR_USE_KIT_TAT_WIG,COP-ELK_ELK-SIR_ELK-USE_ELK-KIT_ELK-TAT_ELK-WIG,DEPRECATED,DEPRECATED,0,inner,left
DIG,95.88091469,76.70442979,-18.72652264,DEPRECATED,GUN_HIT_DUI_TUB_JOY_NOM,DIG-GUN_DIG-HIT_DIG-DUI_DIG-TUB_DIG-JOY_DIG-NOM,DEPRECATED,DEPRECATED,0,outer,right
AIR,69.60691469,-31.70668021,45.97787736,DEPRECATED,GIG_ODD_MAC_FAX_FIX_COW,AIR-GIG_AIR-ODD_AIR-MAC_AIR-FAX_AIR-FIX_AIR-COW,DEPRECATED,DEPRECATED,0,outer,right
AIM,-81.43008531,85.07806979,-84.04122264,DEPRECATED,LID_EGO_WAX_MIX,AIM-LID_AIM-EGO_AIM-WAX_AIM-MIX,DEPRECATED,DEPRECATED,1,outer,left
ERA,15.92991469,12.45972979,64.08617736,DEPRECATED,IRE_JUG,ERA-IRE_ERA-JUG,DEPRECATED,DEPRECATED,0,inner,right
CAB,24.49491469,-116.5198802,-33.25374264,DEPRECATED,AMP_ROB_DAD_OAK_GET_SEX_YAY,AMP-CAB_CAB-ROB_CAB-DAD_CAB-OAK_CAB-GET_CAB-SEX_CAB-YAY,DEPRECATED,DEPRECATED,1,inner,right
BAM,69.81991469,-41.30838021,-77.37290264,DEPRECATED,BAH_JAR_YAY_HAY_ETA_WIN_CIS,BAH-BAM_BAM-JAR_BAM-YAY_BAM-HAY_BAM-ETA_BAM-WIN_BAM-CIS,DEPRECATED,DEPRECATED,1,inner,right
BAH,94.53091469,-20.46408021,-72.51719264,DEPRECATED,ETA_CIS_BOY_WIN_BAM,BAH-ETA_BAH-CIS_BAH-BOY_BAH-WIN_BAH-BAM,DEPRECATED,DEPRECATED,0,outer,right
DAD,23.77391469,-140.9648802,4.916787356,DEPRECATED,CAB_FOR_ROB_GET_MOO_EAR,CAB-DAD_DAD-FOR_DAD-ROB_DAD-GET_DAD-MOO_DAD-EAR,DEPRECATED,DEPRECATED,0,inner,right
BIO,65.70691469,109.7618198,-3.791122644,DEPRECATED,ARM_ELF_JOY_RAD_SPY_NOM,ARM-BIO_BIO-ELF_BIO-JOY_BIO-RAD_BIO-SPY_BIO-NOM,DEPRECATED,DEPRECATED,0,outer,right
FAX,51.57691469,-53.35828021,56.58417736,DEPRECATED,AIR_COW_ZOO_GIG_EVE_LIE,AIR-FAX_COW-FAX_FAX-ZOO_FAX-GIG_EVE-FAX_FAX-LIE,DEPRECATED,DEPRECATED,0,outer,right
HIT,94.90991469,60.08013979,6.975007356,DEPRECATED,DIG_SUN_NOM_BRO,DIG-HIT_HIT-SUN_HIT-NOM_BRO-HIT,DEPRECATED,DEPRECATED,0,outer,right
ONO,-86.13378531,-64.07118021,-56.52309264,DEPRECATED,BAR_KIT_SIR_USE_TAT,BAR-ONO_KIT-ONO_ONO-SIR_ONO-USE_ONO-TAT,DEPRECATED,DEPRECATED,1,outer,left
GYM,-98.02618531,44.01562979,-53.66432264,DEPRECATED,OAR_LID_BOX_PAW_HUG_CUP_EGO_VAN,GYM-OAR_GYM-LID_BOX-GYM_GYM-PAW_GYM-HUG_CUP-GYM_EGO-GYM_GYM-VAN,DEPRECATED,DEPRECATED,0,inner,left
GAS,96.81191469,-13.87645021,10.73541736,DEPRECATED,FIX_ODD_EYE_IVY_TUX,FIX-GAS_GAS-ODD_EYE-GAS_GAS-IVY_GAS-TUX,DEPRECATED,DEPRECATED,0,outer,right
POP,78.02791469,14.94896979,41.70407736,DEPRECATED,ACE_EON_EYE_FIX_MAC_YES,ACE-POP_EON-POP_EYE-POP_FIX-POP_MAC-POP_POP-YES,DEPRECATED,DEPRECATED,0,outer,right
GAL,25.06091469,124.5606198,4.966027356,DEPRECATED,ELF_PIE_WAR_RAD,ELF-GAL_GAL-PIE_GAL-WAR_GAL-RAD,DEPRECATED,DEPRECATED,0,outer,right
FAN,-49.66928531,46.18812979,56.44467736,DEPRECATED,VOW_MOP_ZZZ_NAN_FUN_PLY,FAN-VOW_FAN-MOP_FAN-ZZZ_FAN-NAN_FAN-FUN_FAN-PLY,DEPRECATED,DEPRECATED,0,outer,left
SOY,-20.29128531,1.161394785,67.24517736,DEPRECATED,DUH_FOG_JUG_NAN,DUH-SOY_FOG-SOY_JUG-SOY_NAN-SOY,DEPRECATED,DEPRECATED,0,inner,left
EAR,45.88991469,-102.5508802,27.67241736,DEPRECATED,ZOO_PHI_MOO_DAD,EAR-ZOO_EAR-PHI_EAR-MOO_DAD-EAR,DEPRECATED,DEPRECATED,0,inner,right
DAY,-90.39048531,25.02611979,-19.64452264,DEPRECATED,SAY_ZIG,DAY-SAY_DAY-ZIG,DEPRECATED,DEPRECATED,0,inner,left
OFF,76.44191469,54.70994979,-75.38001264,DEPRECATED,ASK_CIS_GUN_TAG_ORC_WHO,ASK-OFF_CIS-OFF_GUN-OFF_OFF-TAG_OFF-ORC_OFF-WHO,DEPRECATED,DEPRECATED,1,inner,right
HIP,-34.37648531,-147.4638802,-13.17470264,DEPRECATED,FOR_GET_SAD_NEW,FOR-HIP_GET-HIP_HIP-SAD_HIP-NEW,DEPRECATED,DEPRECATED,0,outer,left
GOO,-42.75128531,-110.5628802,30.55587736,DEPRECATED,SAD_PRO_FIG_ZAP,GOO-SAD_GOO-PRO_FIG-GOO_GOO-ZAP,DEPRECATED,DEPRECATED,0,inner,left
FRO,82.49891469,83.19721979,-70.56252064,DEPRECATED,RAW_WHO_ASK,FRO-RAW_FRO-WHO_ASK-FRO,DEPRECATED,DEPRECATED,0,outer,right
ICE,-97.16998531,-2.570138215,21.72305736,DEPRECATED,BED_SAY_GIN_HAM_LAX_MAD,BED-ICE_ICE-SAY_GIN-ICE_HAM-ICE_ICE-LAX_ICE-MAD,DEPRECATED,DEPRECATED,0,outer,left
HOW,5.540914689,109.8364198,9.073657356,DEPRECATED,PIE_WAR_BOA_RUM_SHY_REF,HOW-PIE_HOW-WAR_BOA-HOW_HOW-RUM_HOW-SHY_HOW-REF,DEPRECATED,DEPRECATED,0,inner,mid
HOT,3.479914689,-96.02898021,62.39437736,DEPRECATED,PRO_JAM_OLD_LIE,HOT-PRO_HOT-JAM_HOT-OLD_HOT-LIE,DEPRECATED,DEPRECATED,0,outer,mid
IRE,37.15991469,-4.615827215,70.44167736,DEPRECATED,RIB_GIG_ERA_EVE_AHI_YES_MAC_LAW,IRE-RIB_GIG-IRE_ERA-IRE_EVE-IRE_AHI-IRE_IRE-YES_IRE-MAC_IRE-LAW,DEPRECATED,DEPRECATED,0,outer,right
ART,-82.61178531,-60.05338021,29.95077736,DEPRECATED,FIG_ASH_MAD_KIT,ART-FIG_ART-ASH_ART-MAD_ART-KIT,DEPRECATED,DEPRECATED,0,outer,left
ZIG,-107.1571853,43.68023979,-24.45591264,DEPRECATED,DAY_PAW_SAY_TAX_OAR,DAY-ZIG_PAW-ZIG_SAY-ZIG_TAX-ZIG_OAR-ZIG,DEPRECATED,DEPRECATED,0,outer,left
ARM,64.58291469,91.99851979,20.61619736,DEPRECATED,BIO_DUB_NOM_BRO,ARM-BIO_ARM-DUB_ARM-NOM_ARM-BRO,DEPRECATED,DEPRECATED,0,outer,right
